latitude,longitude,brightness,scan,track,acq_date,acq_time,satellite,instrument,confidence,version,bright_t31,frp,daynight
-4.30296,138.70026,322.74,3.97,1.85,2026-08-25,1,Terra,MODIS,71,6.1NRT,286.17,164.15,D
-4.28211,139.25703,312.6,4.41,1.93,2026-08-25,1,Terra,MODIS,73,6.1NRT,287.05,110.94,D
-4.27812,139.26328,316.52,4.41,1.93,2026-08-25,1,Terra,MODIS,77,6.1NRT,286.61,139.2,D
-3.95694,135.60757,302.13,2.19,1.43,2026-08-25,1,Terra,MODIS,51,6.1NRT,290.08,16.64,D
-3.47152,126.99445,309.79,1.19,1.08,2026-08-25,1,Terra,MODIS,56,6.1NRT,296.42,6.93,D
-3.41208,134.14272,309.76,1.63,1.26,2026-08-25,1,Terra,MODIS,44,6.1NRT,294.21,13.25,D
-3.41011,134.12868,320.27,1.63,1.26,2026-08-25,1,Terra,MODIS,79,6.1NRT,294.61,31.55,D
-3.40809,134.11421,309.17,1.62,1.25,2026-08-25,1,Terra,MODIS,39,6.1NRT,294.07,12.08,D
-3.29238,134.10452,320.64,1.62,1.25,2026-08-25,1,Terra,MODIS,79,6.1NRT,293.25,35.13,D
-3.29019,134.08868,327.85,1.61,1.25,2026-08-25,1,Terra,MODIS,85,6.1NRT,293.19,50.73,D
-3.27549,126.98193,309.8,1.2,1.09,2026-08-25,1,Terra,MODIS,65,6.1NRT,297.89,7.46,D
-3.26855,126.79941,315.49,1.23,1.1,2026-08-25,1,Terra,MODIS,35,6.1NRT,294.95,12.78,D
-3.25307,127.90102,305.14,1.08,1.04,2026-08-25,1,Terra,MODIS,42,6.1NRT,293.07,4.7,D
-3.1789,130.47615,312.71,1.02,1.01,2026-08-25,1,Terra,MODIS,62,6.1NRT,296.97,7.39,D
-3.17002,130.47749,311.99,1.02,1.01,2026-08-25,1,Terra,MODIS,53,6.1NRT,297.89,6.65,D
-3.16082,130.20946,308.07,1.01,1.01,2026-08-25,1,Terra,MODIS,62,6.1NRT,296.36,5.22,D
-3.14964,130.39825,311.8,1.02,1.01,2026-08-25,1,Terra,MODIS,48,6.1NRT,298.06,5.77,D
-3.14835,130.38919,309.07,1.02,1.01,2026-08-25,1,Terra,MODIS,23,6.1NRT,296.33,4.02,D
-3.11449,129.88344,311.72,1,1,2026-08-25,1,Terra,MODIS,69,6.1NRT,299.06,6.61,D
-3.10269,130.38672,313.46,1.02,1.01,2026-08-25,1,Terra,MODIS,47,6.1NRT,297.08,6.54,D
-3.09891,126.62422,320.45,1.26,1.12,2026-08-25,1,Terra,MODIS,64,6.1NRT,297.84,18.1,D
-3.08773,130.09056,309.83,1.01,1,2026-08-25,1,Terra,MODIS,53,6.1NRT,298.94,4.57,D
-2.97092,132.96872,325.92,1.33,1.14,2026-08-25,1,Terra,MODIS,29,6.1NRT,296.17,25.11,D
-2.96414,132.99336,337.08,1.33,1.14,2026-08-25,1,Terra,MODIS,90,6.1NRT,295.15,47.17,D
-2.9625,132.98174,327.06,1.33,1.14,2026-08-25,1,Terra,MODIS,55,6.1NRT,297.34,26.95,D
-2.95406,132.99474,324.59,1.33,1.14,2026-08-25,1,Terra,MODIS,82,6.1NRT,294.71,24.67,D
-2.92655,128.90152,316.58,1.02,1.01,2026-08-25,1,Terra,MODIS,67,6.1NRT,298.59,10.35,D
-2.07953,132.45982,309.86,1.2,1.09,2026-08-25,1,Terra,MODIS,62,6.1NRT,296.02,7.31,D
-1.46454,127.44184,314.31,1.19,1.08,2026-08-25,1,Terra,MODIS,0,6.1NRT,297.99,9.67,D
-1.45497,127.443,317.76,1.19,1.08,2026-08-25,1,Terra,MODIS,0,6.1NRT,298.55,13.68,D
-1.36667,134.21744,310.9,1.54,1.22,2026-08-25,1,Terra,MODIS,42,6.1NRT,298.35,10.96,D
-1.36461,133.85054,313.44,1.45,1.19,2026-08-25,1,Terra,MODIS,41,6.1NRT,291.8,16.68,D
-0.95102,133.44453,309.02,1.34,1.15,2026-08-25,1,Terra,MODIS,67,6.1NRT,293.53,12.73,D
-0.57419,132.00066,308.23,1.1,1.05,2026-08-25,1,Terra,MODIS,49,6.1NRT,297.54,5.49,D
-8.28208,123.50946,311.21,1.74,1.29,2026-08-25,3,Terra,MODIS,40,6.1NRT,291.12,15.05,D
-8.27097,123.51295,331.1,1.74,1.29,2026-08-25,3,Terra,MODIS,84,6.1NRT,298.87,60.09,D
-8.26839,123.49664,314.84,1.75,1.3,2026-08-25,3,Terra,MODIS,54,6.1NRT,292.74,21.48,D
-5.04039,104.20458,309.19,1,1,2026-08-25,139,Terra,MODIS,58,6.1NRT,294.18,6.72,D
-5.03634,105.02558,312.51,1.01,1,2026-08-25,139,Terra,MODIS,64,6.1NRT,299.16,5.44,D
-4.6883,104.58935,312.53,1,1,2026-08-25,139,Terra,MODIS,63,6.1NRT,295.02,6.53,D
-4.64421,104.53275,332.39,1,1,2026-08-25,139,Terra,MODIS,86,6.1NRT,297.27,27.08,D
-4.1379,105.51048,311.44,1.02,1.01,2026-08-25,139,Terra,MODIS,49,6.1NRT,298.81,5.17,D
-4.12775,105.50278,313.84,1.02,1.01,2026-08-25,139,Terra,MODIS,65,6.1NRT,299.5,6.96,D
-3.89201,105.2042,309.33,1,1,2026-08-25,139,Terra,MODIS,51,6.1NRT,297.64,4.42,D
-3.80382,103.82187,317.28,1.03,1.01,2026-08-25,139,Terra,MODIS,73,6.1NRT,298.82,9.15,D
-3.78545,103.69505,312.06,1.04,1.02,2026-08-25,139,Terra,MODIS,63,6.1NRT,299.16,5.85,D
-3.75556,103.61554,315.13,1.04,1.02,2026-08-25,139,Terra,MODIS,70,6.1NRT,299.05,9.04,D
-3.72423,103.71939,313.71,1.04,1.02,2026-08-25,139,Terra,MODIS,61,6.1NRT,298.73,5.25,D
-3.7102,105.74624,318.22,1.02,1.01,2026-08-25,139,Terra,MODIS,72,6.1NRT,296.4,12.28,D
-3.70893,105.73725,324.11,1.02,1.01,2026-08-25,139,Terra,MODIS,79,6.1NRT,296.81,18.34,D
